ID;HPA;GO;MitoCarta;IMPI_known;IMPI_predicted
ENSG00000002549;0;1;0;1;0
ENSG00000004468;0;0;0;1;0
ENSG00000005884;0;0;0;1;0
ENSG00000006125;0;0;0;0;1
ENSG00000006282;0;1;0;1;0
ENSG00000006451;0;0;0;0;1
ENSG00000007516;0;0;0;0;1
ENSG00000011052;0;0;0;0;1
ENSG00000013583;0;1;0;1;0
ENSG00000014824;0;1;0;1;0
ENSG00000022267;0;0;0;1;0
ENSG00000025708;0;0;0;0;1
ENSG00000026025;0;0;0;0;1
ENSG00000026652;0;0;0;1;0
ENSG00000035141;0;1;1;1;0
ENSG00000039560;0;0;0;0;1
ENSG00000041988;0;0;0;0;1
ENSG00000047230;0;0;0;0;1
ENSG00000048707;0;0;0;1;0
ENSG00000053371;0;1;0;1;0
ENSG00000060971;0;1;0;0;1
ENSG00000063177;0;0;0;0;1
ENSG00000063241;0;1;1;1;0
ENSG00000063761;0;1;0;0;1
ENSG00000065060;0;0;0;0;1
ENSG00000065413;0;0;1;0;1
ENSG00000066651;0;1;0;1;0
ENSG00000066739;0;0;0;0;1
ENSG00000067177;0;0;0;0;1
ENSG00000067560;0;0;0;0;1
ENSG00000068097;0;0;1;0;1
ENSG00000068784;0;0;1;0;1
ENSG00000070081;0;1;0;1;0
ENSG00000071082;0;0;0;0;1
ENSG00000072110;0;0;0;0;1
ENSG00000072210;0;1;0;1;0
ENSG00000072274;0;0;0;0;1
ENSG00000074695;0;0;0;0;1
ENSG00000074755;0;0;1;0;1
ENSG00000074800;0;0;0;0;1
ENSG00000075035;0;0;0;0;1
ENSG00000075624;0;0;0;1;0
ENSG00000075785;0;0;0;0;1
ENSG00000077157;0;0;0;0;1
ENSG00000078369;0;0;0;0;1
ENSG00000079332;0;0;0;1;0
ENSG00000080371;0;0;0;0;1
ENSG00000080824;0;0;0;0;1
ENSG00000081177;0;0;1;1;0
ENSG00000083099;0;1;0;1;0
ENSG00000084733;0;0;0;0;1
ENSG00000085662;0;0;0;0;1
ENSG00000086289;0;0;0;0;1
ENSG00000087086;0;0;0;0;1
ENSG00000088320;0;0;0;0;1
ENSG00000088854;0;0;0;0;1
ENSG00000089009;0;0;0;0;1
ENSG00000089157;0;0;0;0;1
ENSG00000089597;0;0;0;0;1
ENSG00000092841;0;0;0;0;1
ENSG00000093010;0;1;0;0;1
ENSG00000099797;0;0;0;0;1
ENSG00000099940;0;1;0;1;0
ENSG00000099977;0;0;1;0;1
ENSG00000100316;0;0;0;0;1
ENSG00000100345;0;0;0;1;0
ENSG00000100364;0;0;1;0;1
ENSG00000100422;0;0;0;0;1
ENSG00000100445;0;1;0;0;1
ENSG00000100596;0;1;1;0;1
ENSG00000100612;0;0;1;0;1
ENSG00000100991;0;0;0;0;1
ENSG00000101337;0;0;1;0;1
ENSG00000101473;0;0;1;0;1
ENSG00000101986;0;1;0;0;1
ENSG00000102144;0;0;0;1;0
ENSG00000103024;0;1;0;1;0
ENSG00000103254;0;0;0;0;1
ENSG00000103502;0;0;0;0;1
ENSG00000103512;0;0;0;0;1
ENSG00000104059;0;0;0;0;1
ENSG00000104412;0;1;0;0;1
ENSG00000104442;0;0;1;1;0
ENSG00000104763;0;0;0;0;1
ENSG00000105135;0;0;0;0;1
ENSG00000105193;0;0;0;0;1
ENSG00000105372;0;0;0;0;1
ENSG00000105514;0;0;0;1;0
ENSG00000105640;0;0;0;0;1
ENSG00000105649;0;0;0;1;0
ENSG00000105726;0;0;0;0;1
ENSG00000105784;0;0;0;0;1
ENSG00000105793;0;1;0;1;0
ENSG00000106077;0;1;1;1;0
ENSG00000106211;0;0;0;1;0
ENSG00000106346;0;0;0;0;1
ENSG00000106772;0;0;0;0;1
ENSG00000107020;0;1;1;1;0
ENSG00000107099;0;0;1;0;1
ENSG00000107518;0;0;1;0;1
ENSG00000108094;0;0;0;1;0
ENSG00000108439;0;1;0;1;0
ENSG00000108774;0;0;0;1;0
ENSG00000108788;0;0;0;1;0
ENSG00000109016;0;1;0;0;1
ENSG00000109046;0;0;1;0;1
ENSG00000109180;0;1;1;1;0
ENSG00000109270;0;0;0;0;1
ENSG00000109436;0;0;0;0;1
ENSG00000109475;0;1;0;0;1
ENSG00000109511;0;0;0;0;1
ENSG00000109971;0;0;0;0;1
ENSG00000110011;0;1;0;0;1
ENSG00000110700;0;0;0;0;1
ENSG00000110719;0;1;1;0;1
ENSG00000110917;0;0;0;0;1
ENSG00000111640;0;1;0;0;1
ENSG00000111647;0;0;0;0;1
ENSG00000111669;0;1;0;0;1
ENSG00000111696;0;1;1;1;0
ENSG00000111737;0;1;0;1;0
ENSG00000111790;0;0;1;0;1
ENSG00000111850;0;0;0;1;0
ENSG00000111906;0;0;0;0;1
ENSG00000112208;0;0;0;0;1
ENSG00000112514;0;0;0;0;1
ENSG00000112782;0;0;0;1;0
ENSG00000113643;0;1;0;0;1
ENSG00000114021;0;1;0;0;1
ENSG00000114374;0;0;0;0;1
ENSG00000114573;0;0;0;0;1
ENSG00000114942;0;0;0;0;1
ENSG00000114993;0;0;1;0;1
ENSG00000115042;0;1;0;1;0
ENSG00000115275;0;0;0;0;1
ENSG00000115464;0;0;0;0;1
ENSG00000116096;0;1;0;0;1
ENSG00000116151;0;0;1;0;1
ENSG00000116337;0;0;0;0;1
ENSG00000116685;0;0;0;0;1
ENSG00000116791;0;1;0;1;0
ENSG00000117016;0;0;1;0;1
ENSG00000117114;0;0;0;0;1
ENSG00000117450;0;0;1;0;1
ENSG00000117480;0;0;0;0;1
ENSG00000117592;0;1;0;0;1
ENSG00000117862;0;1;0;1;0
ENSG00000117906;0;1;0;1;0
ENSG00000118363;0;0;0;0;1
ENSG00000118492;0;0;0;0;1
ENSG00000118705;0;0;0;0;1
ENSG00000119431;0;1;0;1;0
ENSG00000119771;0;0;1;0;1
ENSG00000119772;0;0;0;1;0
ENSG00000119943;0;0;1;0;1
ENSG00000120265;0;0;0;0;1
ENSG00000120697;0;0;0;0;1
ENSG00000120705;0;0;0;0;1
ENSG00000120992;0;1;0;0;1
ENSG00000121749;0;0;1;1;0
ENSG00000122203;0;0;0;0;1
ENSG00000122378;0;1;0;0;1
ENSG00000122406;0;0;0;0;1
ENSG00000123131;0;1;0;1;0
ENSG00000123600;0;1;0;1;0
ENSG00000124164;0;0;0;0;1
ENSG00000124194;0;0;0;0;1
ENSG00000124207;0;0;0;0;1
ENSG00000124374;0;0;0;0;1
ENSG00000124614;0;0;0;0;1
ENSG00000124615;0;1;0;1;0
ENSG00000124786;0;0;0;0;1
ENSG00000125170;0;0;0;0;1
ENSG00000125691;0;0;0;0;1
ENSG00000125844;0;0;0;0;1
ENSG00000127022;0;0;0;1;0
ENSG00000127314;0;0;0;0;1
ENSG00000127452;0;0;1;0;1
ENSG00000127526;0;0;0;0;1
ENSG00000128050;0;1;0;1;0
ENSG00000128595;0;0;0;0;1
ENSG00000129151;0;0;0;0;1
ENSG00000130255;0;0;0;0;1
ENSG00000130589;0;0;0;0;1
ENSG00000130748;0;0;0;0;1
ENSG00000130816;0;0;0;1;0
ENSG00000131149;0;0;1;0;1
ENSG00000131379;0;0;0;0;1
ENSG00000131473;0;1;0;1;0
ENSG00000132361;0;0;0;1;0
ENSG00000132570;0;1;0;0;1
ENSG00000132763;0;1;0;0;1
ENSG00000133026;0;0;1;1;0
ENSG00000133315;0;1;0;1;0
ENSG00000133597;0;1;0;0;1
ENSG00000133687;0;0;0;0;1
ENSG00000133878;0;1;0;0;1
ENSG00000134108;0;0;0;0;1
ENSG00000134285;0;0;0;0;1
ENSG00000134419;0;1;0;0;1
ENSG00000134824;0;0;0;0;1
ENSG00000135002;0;1;0;0;1
ENSG00000135241;0;1;0;1;0
ENSG00000135362;0;0;0;0;1
ENSG00000135624;0;1;0;0;1
ENSG00000135632;0;0;1;0;1
ENSG00000135862;0;1;0;1;0
ENSG00000136628;0;0;0;0;1
ENSG00000136682;0;0;0;0;1
ENSG00000137040;0;0;0;1;0
ENSG00000137074;0;0;0;1;0
ENSG00000137106;0;1;0;1;0
ENSG00000137198;0;0;0;0;1
ENSG00000137700;0;1;1;0;1
ENSG00000137944;0;1;0;1;0
ENSG00000137968;0;0;0;0;1
ENSG00000138078;0;1;0;1;0
ENSG00000138101;0;0;1;0;1
ENSG00000138138;0;1;1;1;0
ENSG00000138363;0;1;0;0;1
ENSG00000138760;0;0;0;0;1
ENSG00000138801;0;0;0;0;1
ENSG00000139324;0;0;0;0;1
ENSG00000139438;0;0;1;0;1
ENSG00000139641;0;0;0;0;1
ENSG00000139921;0;0;0;1;0
ENSG00000139990;0;0;1;0;1
ENSG00000140280;0;0;1;0;1
ENSG00000140284;0;0;0;0;1
ENSG00000140798;0;0;0;0;1
ENSG00000141367;0;0;0;0;1
ENSG00000141401;0;0;1;0;1
ENSG00000141504;0;0;0;1;0
ENSG00000141756;0;1;0;1;0
ENSG00000142459;0;0;0;0;1
ENSG00000142544;0;0;0;0;1
ENSG00000142937;0;0;0;0;1
ENSG00000143149;0;1;0;1;0
ENSG00000143198;0;1;0;1;0
ENSG00000143353;0;1;0;0;1
ENSG00000143774;0;1;0;1;0
ENSG00000144199;0;0;0;1;0
ENSG00000144369;0;0;1;0;1
ENSG00000144713;0;0;0;0;1
ENSG00000144867;0;0;0;0;1
ENSG00000144908;0;1;0;1;0
ENSG00000145247;0;1;1;1;0
ENSG00000146350;0;0;1;0;1
ENSG00000146731;0;0;0;0;1
ENSG00000147403;0;0;0;0;1
ENSG00000147471;0;1;0;1;0
ENSG00000147604;0;0;0;0;1
ENSG00000147642;0;0;0;1;0
ENSG00000148057;0;0;1;0;1
ENSG00000148225;0;0;0;0;1
ENSG00000148730;0;0;1;0;1
ENSG00000149428;0;0;0;0;1
ENSG00000150756;0;0;0;1;0
ENSG00000151135;0;0;0;1;0
ENSG00000151148;0;0;1;1;0
ENSG00000151552;0;1;1;1;0
ENSG00000151640;0;0;1;0;1
ENSG00000151704;0;0;0;1;0
ENSG00000152700;0;0;0;1;0
ENSG00000152904;0;0;0;0;1
ENSG00000153574;0;1;0;1;0
ENSG00000153721;0;0;1;0;1
ENSG00000153982;0;0;0;0;1
ENSG00000154124;0;0;1;0;1
ENSG00000154258;0;1;0;0;1
ENSG00000155368;0;1;0;1;0
ENSG00000155542;0;1;0;1;0
ENSG00000155792;0;0;1;0;1
ENSG00000155890;0;0;0;0;1
ENSG00000156113;0;0;0;1;0
ENSG00000156482;0;0;0;0;1
ENSG00000156958;0;0;0;0;1
ENSG00000157379;0;1;0;0;1
ENSG00000157999;0;0;0;0;1
ENSG00000158402;0;1;0;1;0
ENSG00000158792;0;0;1;0;1
ENSG00000159374;0;0;1;0;1
ENSG00000159596;0;0;0;0;1
ENSG00000160285;0;0;0;0;1
ENSG00000160752;0;1;0;0;1
ENSG00000160883;0;0;0;0;1
ENSG00000161016;0;0;0;0;1
ENSG00000161203;0;0;0;0;1
ENSG00000162032;0;0;1;0;1
ENSG00000162496;0;0;1;0;1
ENSG00000162755;0;0;0;0;1
ENSG00000162777;0;0;0;0;1
ENSG00000162813;0;0;0;0;1
ENSG00000162927;0;0;1;0;1
ENSG00000163596;0;0;1;0;1
ENSG00000163617;0;0;1;0;1
ENSG00000163866;0;0;1;0;1
ENSG00000163902;0;0;0;0;1
ENSG00000164040;0;0;0;0;1
ENSG00000164051;0;1;1;1;0
ENSG00000164124;0;0;1;0;1
ENSG00000164241;0;1;1;0;1
ENSG00000164327;0;0;1;0;1
ENSG00000164366;0;1;0;1;0
ENSG00000164488;0;0;0;0;1
ENSG00000164587;0;1;0;0;1
ENSG00000164645;0;0;0;0;1
ENSG00000165119;0;0;0;1;0
ENSG00000165152;0;0;1;0;1
ENSG00000165443;0;0;0;0;1
ENSG00000165588;0;0;0;1;0
ENSG00000165632;0;0;0;0;1
ENSG00000165644;0;1;0;1;0
ENSG00000165661;0;0;0;0;1
ENSG00000166133;0;0;0;0;1
ENSG00000166329;0;0;0;0;1
ENSG00000166340;0;0;0;0;1
ENSG00000166348;0;0;1;0;1
ENSG00000166598;0;0;0;0;1
ENSG00000166794;0;0;0;0;1
ENSG00000166833;0;0;0;0;1
ENSG00000167004;0;0;0;0;1
ENSG00000167264;0;1;0;0;1
ENSG00000167526;0;0;0;0;1
ENSG00000167552;0;0;0;0;1
ENSG00000167588;0;0;0;0;1
ENSG00000167641;0;0;0;0;1
ENSG00000167645;0;0;0;0;1
ENSG00000167658;0;0;0;0;1
ENSG00000167799;0;1;0;1;0
ENSG00000167815;0;1;0;0;1
ENSG00000167996;0;1;0;0;1
ENSG00000168268;0;1;0;1;0
ENSG00000168273;0;0;1;0;1
ENSG00000168765;0;0;0;0;1
ENSG00000168904;0;0;1;0;1
ENSG00000169228;0;1;0;1;0
ENSG00000169519;0;1;0;1;0
ENSG00000169738;0;1;0;1;0
ENSG00000169972;0;1;0;1;0
ENSG00000170348;0;0;0;0;1
ENSG00000170634;0;1;0;0;1
ENSG00000170638;0;0;1;1;0
ENSG00000170889;0;0;0;0;1
ENSG00000170899;0;0;0;0;1
ENSG00000170921;0;0;0;0;1
ENSG00000171097;0;0;0;0;1
ENSG00000171433;0;0;0;0;1
ENSG00000171865;0;1;0;1;0
ENSG00000172992;0;1;0;0;1
ENSG00000173137;0;1;0;0;1
ENSG00000173486;0;0;0;0;1
ENSG00000173540;0;0;0;0;1
ENSG00000173992;0;0;0;1;0
ENSG00000174021;0;1;0;0;1
ENSG00000174109;0;1;0;1;0
ENSG00000174177;0;0;1;0;1
ENSG00000174444;0;0;0;0;1
ENSG00000174606;0;1;1;1;0
ENSG00000174903;0;0;0;0;1
ENSG00000174928;0;1;0;1;0
ENSG00000175104;0;0;1;1;0
ENSG00000176410;0;1;0;1;0
ENSG00000176422;0;1;0;1;0
ENSG00000176623;0;1;0;1;0
ENSG00000176894;0;1;0;0;1
ENSG00000177302;0;1;0;1;0
ENSG00000177600;0;0;1;0;1
ENSG00000177692;0;1;0;0;1
ENSG00000177889;0;0;0;0;1
ENSG00000178074;0;1;0;1;0
ENSG00000178605;0;1;0;1;0
ENSG00000178927;0;0;0;0;1
ENSG00000179218;0;0;0;1;0
ENSG00000179314;0;0;0;0;1
ENSG00000179869;0;1;0;0;1
ENSG00000179988;0;1;0;0;1
ENSG00000180011;0;1;0;0;1
ENSG00000180879;0;0;0;0;1
ENSG00000180891;0;0;0;0;1
ENSG00000181019;0;0;0;1;0
ENSG00000182362;0;1;0;1;0
ENSG00000182676;0;0;0;0;1
ENSG00000182718;0;0;0;0;1
ENSG00000182768;0;1;0;1;0
ENSG00000182774;0;0;0;0;1
ENSG00000182899;0;1;0;0;1
ENSG00000183207;0;0;0;1;0
ENSG00000183569;0;1;0;0;1
ENSG00000183597;0;0;0;1;0
ENSG00000183891;0;0;1;0;1
ENSG00000184227;0;0;1;0;1
ENSG00000184840;0;0;0;0;1
ENSG00000185236;0;0;0;1;0
ENSG00000185386;0;0;1;0;1
ENSG00000185624;0;1;0;1;0
ENSG00000185875;0;1;1;1;0
ENSG00000186051;0;0;0;0;1
ENSG00000186081;0;1;0;0;1
ENSG00000186150;0;0;0;0;1
ENSG00000186591;0;0;1;0;1
ENSG00000186603;0;0;1;0;1
ENSG00000187024;0;1;0;1;0
ENSG00000187862;0;0;0;0;1
ENSG00000188343;0;0;1;0;1
ENSG00000188483;0;0;0;0;1
ENSG00000188917;0;1;0;1;0
ENSG00000189227;0;1;0;1;0
ENSG00000196230;0;0;0;0;1
ENSG00000196743;0;0;0;0;1
ENSG00000196850;0;1;0;1;0
ENSG00000196872;0;0;0;0;1
ENSG00000197006;0;0;0;0;1
ENSG00000197045;0;0;0;0;1
ENSG00000197157;0;1;0;0;1
ENSG00000197226;0;0;0;0;1
ENSG00000197746;0;0;0;0;1
ENSG00000197969;0;0;0;1;0
ENSG00000198211;0;1;0;1;0
ENSG00000198610;0;0;0;0;1
ENSG00000198682;0;0;1;0;1
ENSG00000198755;0;1;0;0;1
ENSG00000204099;0;1;0;1;0
ENSG00000204237;0;1;0;0;1
ENSG00000204311;0;0;1;0;1
ENSG00000204394;0;0;0;0;1
ENSG00000204427;0;0;0;0;1
ENSG00000204564;0;1;0;0;1
ENSG00000204653;0;0;0;0;1
ENSG00000205002;0;0;0;0;1
ENSG00000205544;0;0;0;0;1
ENSG00000206052;0;0;0;0;1
ENSG00000211456;0;0;0;0;1
ENSG00000213563;0;1;0;1;0
ENSG00000213593;0;0;0;0;1
ENSG00000213965;0;1;0;1;0
ENSG00000214827;0;1;0;0;1
ENSG00000215712;0;0;0;0;1
ENSG00000215845;0;1;0;0;1
ENSG00000221886;0;0;0;0;1
ENSG00000222011;0;1;0;1;0
ENSG00000231500;0;1;0;0;1
ENSG00000232859;0;1;0;0;1
ENSG00000240857;0;1;0;0;1
ENSG00000244038;0;0;0;0;1
ENSG00000244187;0;0;1;0;1
ENSG00000244694;0;0;0;0;1
ENSG00000254402;0;0;0;0;1
ENSG00000254772;0;0;1;0;1
ENSG00000257727;0;0;0;0;1
ENSG00000258947;0;0;0;1;0
ENSG00000269190;0;0;0;1;0
ENSG00000274523;0;1;0;1;0
ENSG00000277791;0;0;1;0;1
ENSG00000002330;1;1;1;1;0
ENSG00000003509;1;1;0;1;0
ENSG00000004139;1;0;0;1;0
ENSG00000004142;1;1;1;1;0
ENSG00000004455;1;1;0;1;0
ENSG00000004478;1;0;0;1;0
ENSG00000004779;1;1;1;1;0
ENSG00000004799;1;1;0;1;0
ENSG00000004864;1;1;1;1;0
ENSG00000004961;1;1;1;1;0
ENSG00000005022;1;1;1;1;0
ENSG00000005059;1;1;0;1;0
ENSG00000005156;1;0;0;1;0
ENSG00000005187;1;1;0;1;0
ENSG00000005379;1;0;0;1;0
ENSG00000005882;1;1;1;1;0
ENSG00000006530;1;1;1;1;0
ENSG00000006695;1;1;1;1;0
ENSG00000006744;1;1;0;1;0
ENSG00000006757;1;0;0;1;0
ENSG00000007923;1;1;0;1;0
ENSG00000008311;1;1;1;1;0
ENSG00000008394;1;1;1;0;1
ENSG00000008405;1;1;0;1;0
ENSG00000010256;1;1;1;1;0
ENSG00000011295;1;1;1;1;0
ENSG00000011376;1;1;1;1;0
ENSG00000013306;1;1;0;1;0
ENSG00000014919;1;1;1;1;0
ENSG00000016391;1;1;0;1;0
ENSG00000019186;1;1;1;1;0
ENSG00000021826;1;1;0;1;0
ENSG00000023228;1;1;1;1;0
ENSG00000023330;1;1;1;1;0
ENSG00000023572;1;1;0;1;0
ENSG00000025772;1;1;0;1;0
ENSG00000027001;1;1;1;1;0
ENSG00000028116;1;0;0;1;0
ENSG00000029639;1;1;0;1;0
ENSG00000030110;1;1;0;1;0
ENSG00000033050;1;1;0;0;1
ENSG00000036448;1;0;1;0;1
ENSG00000036473;1;1;1;1;0
ENSG00000039650;1;0;0;1;0
ENSG00000043514;1;1;0;1;0
ENSG00000044574;1;0;0;1;0
ENSG00000048544;1;1;1;1;0
ENSG00000049883;1;1;0;1;0
ENSG00000050393;1;1;0;1;0
ENSG00000050426;1;1;1;0;1
ENSG00000051180;1;0;1;1;0
ENSG00000054523;1;1;0;1;0
ENSG00000055950;1;1;1;1;0
ENSG00000059573;1;1;1;1;0
ENSG00000059691;1;1;1;1;0
ENSG00000060762;1;1;1;1;0
ENSG00000060982;1;0;0;0;1
ENSG00000061794;1;1;1;1;0
ENSG00000062485;1;1;1;1;0
ENSG00000062582;1;1;0;1;0
ENSG00000063854;1;1;0;1;0
ENSG00000065154;1;1;1;1;0
ENSG00000065427;1;1;0;1;0
ENSG00000065518;1;1;1;1;0
ENSG00000065911;1;1;0;1;0
ENSG00000066813;1;0;0;1;0
ENSG00000066855;1;1;1;1;0
ENSG00000066926;1;1;0;1;0
ENSG00000067225;1;0;0;0;1
ENSG00000067704;1;1;1;1;0
ENSG00000067829;1;1;1;1;0
ENSG00000067992;1;1;1;1;0
ENSG00000068120;1;1;0;1;0
ENSG00000068366;1;1;1;1;0
ENSG00000069509;1;1;0;1;0
ENSG00000069535;1;1;1;1;0
ENSG00000069998;1;1;1;1;0
ENSG00000070214;1;0;1;1;0
ENSG00000072062;1;0;0;1;0
ENSG00000072133;1;0;1;0;1
ENSG00000072506;1;1;0;1;0
ENSG00000072756;1;1;1;1;0
ENSG00000072778;1;1;1;1;0
ENSG00000073169;1;1;0;0;1
ENSG00000073578;1;1;1;1;0
ENSG00000074071;1;1;1;1;0
ENSG00000074582;1;1;0;1;0
ENSG00000074696;1;0;0;0;1
ENSG00000075239;1;1;1;1;0
ENSG00000075240;1;0;0;1;0
ENSG00000075303;1;1;0;1;0
ENSG00000075336;1;1;0;1;0
ENSG00000075415;1;1;1;1;0
ENSG00000076043;1;1;1;1;0
ENSG00000076248;1;1;0;1;0
ENSG00000076555;1;1;0;1;0
ENSG00000077713;1;1;0;1;0
ENSG00000078070;1;1;1;1;0
ENSG00000078668;1;1;1;1;0
ENSG00000080815;1;0;0;1;0
ENSG00000080819;1;1;1;1;0
ENSG00000081181;1;1;1;1;0
ENSG00000081791;1;1;0;1;0
ENSG00000082212;1;1;1;1;0
ENSG00000082515;1;1;1;1;0
ENSG00000083123;1;1;0;1;0
ENSG00000083720;1;1;1;1;0
ENSG00000084090;1;1;1;1;0
ENSG00000084092;1;1;1;1;0
ENSG00000084207;1;0;1;0;1
ENSG00000084754;1;1;1;1;0
ENSG00000085491;1;1;1;1;0
ENSG00000085760;1;1;1;1;0
ENSG00000086061;1;0;0;0;1
ENSG00000086504;1;1;1;1;0
ENSG00000086991;1;0;0;1;0
ENSG00000087074;1;0;0;1;0
ENSG00000087088;1;1;0;1;0
ENSG00000087157;1;1;0;1;0
ENSG00000087299;1;1;1;1;0
ENSG00000087470;1;1;0;1;0
ENSG00000088682;1;1;0;1;0
ENSG00000088766;1;1;0;1;0
ENSG00000088888;1;1;1;1;0
ENSG00000089060;1;0;0;1;0
ENSG00000089127;1;0;0;0;1
ENSG00000089163;1;1;0;1;0
ENSG00000089876;1;0;0;1;0
ENSG00000090263;1;1;0;1;0
ENSG00000090266;1;1;0;1;0
ENSG00000090432;1;1;1;1;0
ENSG00000090857;1;1;1;1;0
ENSG00000091140;1;1;1;1;0
ENSG00000091483;1;1;1;1;0
ENSG00000093144;1;1;0;1;0
ENSG00000095321;1;1;0;1;0
ENSG00000096080;1;1;0;1;0
ENSG00000096384;1;0;0;0;1
ENSG00000097021;1;1;0;1;0
ENSG00000097033;1;0;0;1;0
ENSG00000099624;1;1;0;1;0
ENSG00000099795;1;1;0;1;0
ENSG00000099800;1;1;1;1;0
ENSG00000099821;1;1;1;1;0
ENSG00000099904;1;0;0;1;0
ENSG00000099968;1;1;1;1;0
ENSG00000100030;1;0;0;0;1
ENSG00000100033;1;1;0;1;0
ENSG00000100075;1;1;0;1;0
ENSG00000100116;1;1;1;1;0
ENSG00000100209;1;1;1;1;0
ENSG00000100216;1;1;1;1;0
ENSG00000100243;1;1;0;1;0
ENSG00000100294;1;1;1;1;0
ENSG00000100300;1;1;1;1;0
ENSG00000100335;1;1;1;1;0
ENSG00000100347;1;1;1;1;0
ENSG00000100348;1;1;1;1;0
ENSG00000100412;1;1;1;1;0
ENSG00000100416;1;1;1;1;0
ENSG00000100575;1;1;1;1;0
ENSG00000100577;1;1;0;1;0
ENSG00000100601;1;1;0;1;0
ENSG00000100678;1;0;0;1;0
ENSG00000100714;1;1;0;0;1
ENSG00000100823;1;0;0;1;0
ENSG00000100867;1;0;1;1;0
ENSG00000100889;1;1;1;1;0
ENSG00000100890;1;1;1;1;0
ENSG00000101019;1;1;0;1;0
ENSG00000101152;1;0;0;0;1
ENSG00000101166;1;1;0;0;1
ENSG00000101181;1;1;0;1;0
ENSG00000101247;1;1;0;1;0
ENSG00000101298;1;0;0;1;0
ENSG00000101349;1;1;0;1;0
ENSG00000101365;1;1;1;1;0
ENSG00000101391;1;0;1;1;0
ENSG00000101546;1;1;1;1;0
ENSG00000102048;1;0;0;1;0
ENSG00000102078;1;1;1;1;0
ENSG00000102125;1;0;0;1;0
ENSG00000102128;1;0;0;1;0
ENSG00000102309;1;0;0;1;0
ENSG00000102401;1;0;0;1;0
ENSG00000102738;1;1;1;1;0
ENSG00000102743;1;1;0;1;0
ENSG00000102763;1;1;0;1;0
ENSG00000102794;1;0;0;0;1
ENSG00000102882;1;0;0;0;1
ENSG00000102897;1;1;0;1;0
ENSG00000102931;1;0;0;1;0
ENSG00000102967;1;1;1;1;0
ENSG00000103018;1;1;0;1;0
ENSG00000103121;1;1;1;1;0
ENSG00000103150;1;1;0;1;0
ENSG00000103152;1;0;0;1;0
ENSG00000103160;1;1;0;1;0
ENSG00000103202;1;1;1;1;0
ENSG00000103356;1;1;1;1;0
ENSG00000103423;1;1;1;1;0
ENSG00000103490;1;0;0;1;0
ENSG00000103507;1;1;1;1;0
ENSG00000103642;1;1;1;1;0
ENSG00000103707;1;1;0;1;0
ENSG00000104325;1;1;1;1;0
ENSG00000104381;1;1;1;1;0
ENSG00000104687;1;1;0;1;0
ENSG00000104723;1;0;0;0;1
ENSG00000104765;1;1;1;1;0
ENSG00000104823;1;1;1;1;0
ENSG00000104835;1;1;0;1;0
ENSG00000104936;1;1;0;1;0
ENSG00000104980;1;1;1;1;0
ENSG00000105197;1;1;1;1;0
ENSG00000105327;1;0;0;1;0
ENSG00000105341;1;1;1;1;0
ENSG00000105364;1;1;0;1;0
ENSG00000105379;1;1;1;1;0
ENSG00000105552;1;1;0;1;0
ENSG00000105607;1;1;1;1;0
ENSG00000105701;1;1;1;1;0
ENSG00000105755;1;1;1;1;0
ENSG00000105819;1;1;1;1;0
ENSG00000105953;1;1;1;1;0
ENSG00000106028;1;1;1;1;0
ENSG00000106049;1;1;0;1;0
ENSG00000106105;1;1;0;1;0
ENSG00000106153;1;1;1;1;0
ENSG00000106246;1;1;1;1;0
ENSG00000106436;1;0;0;0;1
ENSG00000106554;1;1;1;1;0
ENSG00000106591;1;1;0;1;0
ENSG00000106603;1;1;1;1;0
ENSG00000107745;1;1;1;1;0
ENSG00000107815;1;1;0;1;0
ENSG00000107819;1;1;1;1;0
ENSG00000107951;1;1;1;1;0
ENSG00000107959;1;1;1;1;0
ENSG00000108064;1;1;1;1;0
ENSG00000108179;1;1;1;1;0
ENSG00000108384;1;0;1;1;0
ENSG00000108387;1;1;0;1;0
ENSG00000108443;1;0;0;1;0
ENSG00000108528;1;1;0;1;0
ENSG00000108561;1;1;1;1;0
ENSG00000108599;1;1;0;1;0
ENSG00000108826;1;1;0;1;0
ENSG00000108828;1;0;0;0;1
ENSG00000108829;1;0;0;1;0
ENSG00000108953;1;0;0;0;1
ENSG00000109390;1;1;1;1;0
ENSG00000109424;1;1;0;1;0
ENSG00000109519;1;1;1;1;0
ENSG00000109576;1;1;0;1;0
ENSG00000109846;1;0;0;0;1
ENSG00000109919;1;1;1;1;0
ENSG00000110074;1;1;1;1;0
ENSG00000110090;1;1;1;1;0
ENSG00000110435;1;1;1;1;0
ENSG00000110497;1;0;1;0;1
ENSG00000110536;1;1;1;1;0
ENSG00000110717;1;1;1;1;0
ENSG00000110871;1;1;1;1;0
ENSG00000110888;1;0;0;1;0
ENSG00000110911;1;0;1;1;0
ENSG00000110955;1;1;1;1;0
ENSG00000111012;1;1;0;1;0
ENSG00000111058;1;1;1;1;0
ENSG00000111271;1;1;0;1;0
ENSG00000111275;1;1;0;1;0
ENSG00000111639;1;1;1;1;0
ENSG00000111775;1;1;1;1;0
ENSG00000111843;1;1;0;1;0
ENSG00000112031;1;1;0;1;0
ENSG00000112096;1;1;0;1;0
ENSG00000112110;1;1;0;1;0
ENSG00000112234;1;1;0;1;0
ENSG00000112290;1;0;0;1;0
ENSG00000112294;1;1;1;1;0
ENSG00000112304;1;1;0;0;1
ENSG00000112651;1;1;1;1;0
ENSG00000112695;1;1;0;1;0
ENSG00000112855;1;1;0;1;0
ENSG00000112992;1;1;1;1;0
ENSG00000112996;1;1;0;1;0
ENSG00000113013;1;1;1;1;0
ENSG00000113048;1;1;0;1;0
ENSG00000113272;1;1;0;1;0
ENSG00000113384;1;1;0;1;0
ENSG00000113492;1;1;0;1;0
ENSG00000113580;1;0;1;1;0
ENSG00000113734;1;0;0;1;0
ENSG00000113845;1;1;1;1;0
ENSG00000114023;1;1;1;1;0
ENSG00000114026;1;1;0;1;0
ENSG00000114054;1;1;0;1;0
ENSG00000114120;1;1;1;1;0
ENSG00000114383;1;0;0;0;1
ENSG00000114686;1;1;0;1;0
ENSG00000114735;1;1;0;0;1
ENSG00000114857;1;0;0;0;1
ENSG00000114956;1;1;0;1;0
ENSG00000115159;1;1;0;1;0
ENSG00000115204;1;1;0;1;0
ENSG00000115286;1;1;0;1;0
ENSG00000115317;1;1;1;1;0
ENSG00000115361;1;1;0;1;0
ENSG00000115364;1;1;1;1;0
ENSG00000115419;1;1;1;1;0
ENSG00000115468;1;1;0;1;0
ENSG00000115520;1;1;0;1;0
ENSG00000115541;1;1;0;1;0
ENSG00000115657;1;1;1;1;0
ENSG00000115840;1;1;0;1;0
ENSG00000115944;1;1;1;1;0
ENSG00000116171;1;1;0;1;0
ENSG00000116221;1;1;1;1;0
ENSG00000116288;1;1;0;1;0
ENSG00000116353;1;1;1;1;0
ENSG00000116459;1;1;1;1;0
ENSG00000116688;1;1;0;1;0
ENSG00000116771;1;1;0;1;0
ENSG00000116863;1;0;0;1;0
ENSG00000116874;1;1;1;1;0
ENSG00000116898;1;1;1;1;0
ENSG00000117009;1;1;0;1;0
ENSG00000117054;1;1;1;1;0
ENSG00000117118;1;1;1;1;0
ENSG00000117305;1;1;0;1;0
ENSG00000117481;1;1;0;1;0
ENSG00000117528;1;1;0;0;1
ENSG00000117593;1;1;1;1;0
ENSG00000117640;1;1;1;1;0
ENSG00000117791;1;1;0;1;0
ENSG00000118246;1;1;1;1;0
ENSG00000118260;1;0;0;1;0
ENSG00000118508;1;1;0;1;0
ENSG00000118520;1;0;0;0;1
ENSG00000118777;1;0;0;1;0
ENSG00000119013;1;1;0;1;0
ENSG00000119285;1;0;1;0;1
ENSG00000119421;1;1;1;1;0
ENSG00000119471;1;1;1;1;0
ENSG00000119673;1;1;1;1;0
ENSG00000119689;1;1;0;1;0
ENSG00000119705;1;1;1;1;0
ENSG00000119711;1;1;1;1;0
ENSG00000119723;1;1;0;1;0
ENSG00000119912;1;1;0;1;0
ENSG00000119917;1;0;1;0;1
ENSG00000119927;1;1;1;1;0
ENSG00000120254;1;1;1;1;0
ENSG00000120329;1;0;0;1;0
ENSG00000120333;1;1;1;1;0
ENSG00000120471;1;0;0;1;0
ENSG00000120662;1;1;0;1;0
ENSG00000120675;1;1;0;1;0
ENSG00000120832;1;1;0;1;0
ENSG00000120942;1;0;0;1;0
ENSG00000121057;1;1;1;1;0
ENSG00000121289;1;1;0;1;0
ENSG00000121310;1;1;1;1;0
ENSG00000121897;1;1;1;1;0
ENSG00000122033;1;1;1;1;0
ENSG00000122085;1;1;1;1;0
ENSG00000122140;1;1;1;1;0
ENSG00000122335;1;1;0;1;0
ENSG00000122687;1;1;0;1;0
ENSG00000122696;1;1;1;1;0
ENSG00000122873;1;1;1;1;0
ENSG00000122884;1;0;1;0;1
ENSG00000122912;1;1;1;1;0
ENSG00000122971;1;1;1;1;0
ENSG00000123130;1;1;0;1;0
ENSG00000123191;1;0;0;1;0
ENSG00000123213;1;1;1;1;0
ENSG00000123297;1;1;1;1;0
ENSG00000123453;1;1;1;1;0
ENSG00000123472;1;1;1;1;0
ENSG00000123545;1;1;1;1;0
ENSG00000123689;1;0;0;1;0
ENSG00000123815;1;1;1;1;0
ENSG00000123983;1;0;0;1;0
ENSG00000124098;1;1;0;1;0
ENSG00000124172;1;1;0;1;0
ENSG00000124279;1;1;1;1;0
ENSG00000124370;1;1;0;1;0
ENSG00000124523;1;1;1;1;0
ENSG00000124532;1;1;0;1;0
ENSG00000124608;1;1;1;1;0
ENSG00000125166;1;1;0;1;0
ENSG00000125246;1;1;0;1;0
ENSG00000125356;1;1;1;1;0
ENSG00000125375;1;1;1;1;0
ENSG00000125434;1;1;1;1;0
ENSG00000125445;1;1;1;1;0
ENSG00000125454;1;1;0;1;0
ENSG00000125459;1;0;0;1;0
ENSG00000125611;1;1;1;1;0
ENSG00000125648;1;1;1;1;0
ENSG00000125652;1;1;0;1;0
ENSG00000125656;1;1;1;1;0
ENSG00000125741;1;1;0;1;0
ENSG00000125779;1;1;0;1;0
ENSG00000125871;1;1;1;1;0
ENSG00000125901;1;1;1;1;0
ENSG00000125995;1;1;0;1;0
ENSG00000126215;1;0;0;1;0
ENSG00000126267;1;1;1;1;0
ENSG00000126432;1;1;1;1;0
ENSG00000126602;1;1;1;1;0
ENSG00000126709;1;0;1;1;0
ENSG00000126768;1;1;1;1;0
ENSG00000126814;1;0;0;1;0
ENSG00000126858;1;1;0;1;0
ENSG00000126947;1;0;1;0;1
ENSG00000126953;1;1;1;1;0
ENSG00000127184;1;1;0;1;0
ENSG00000127540;1;1;0;1;0
ENSG00000127554;1;1;1;1;0
ENSG00000127838;1;0;1;1;0
ENSG00000127884;1;1;1;1;0
ENSG00000127948;1;0;0;0;1
ENSG00000127989;1;1;1;1;0
ENSG00000128245;1;0;0;0;1
ENSG00000128309;1;1;1;1;0
ENSG00000128311;1;1;1;1;0
ENSG00000128609;1;1;0;1;0
ENSG00000128626;1;1;0;1;0
ENSG00000128654;1;1;1;1;0
ENSG00000128694;1;1;1;1;0
ENSG00000128928;1;1;1;1;0
ENSG00000128951;1;1;0;1;0
ENSG00000129465;1;0;0;1;0
ENSG00000130159;1;1;0;1;0
ENSG00000130204;1;1;1;1;0
ENSG00000130299;1;1;1;1;0
ENSG00000130304;1;0;0;0;1
ENSG00000130312;1;1;0;1;0
ENSG00000130347;1;1;0;1;0
ENSG00000130348;1;1;0;1;0
ENSG00000130349;1;1;0;0;1
ENSG00000130414;1;1;1;1;0
ENSG00000130489;1;1;1;1;0
ENSG00000130707;1;0;0;0;1
ENSG00000130734;1;0;0;0;1
ENSG00000130770;1;1;1;1;0
ENSG00000130921;1;1;1;1;0
ENSG00000130985;1;0;0;1;0
ENSG00000131055;1;1;0;1;0
ENSG00000131143;1;1;1;1;0
ENSG00000131148;1;0;0;1;0
ENSG00000131174;1;1;0;1;0
ENSG00000131269;1;1;1;1;0
ENSG00000131368;1;1;1;1;0
ENSG00000131370;1;0;0;0;1
ENSG00000131495;1;1;0;1;0
ENSG00000131730;1;1;0;1;0
ENSG00000131828;1;1;1;1;0
ENSG00000131844;1;1;1;1;0
ENSG00000131943;1;0;0;1;0
ENSG00000132153;1;1;1;1;0
ENSG00000132199;1;0;0;1;0
ENSG00000132286;1;1;0;1;0
ENSG00000132300;1;1;1;1;0
ENSG00000132305;1;1;1;1;0
ENSG00000132313;1;1;0;1;0
ENSG00000132423;1;1;1;1;0
ENSG00000132463;1;1;1;1;0
ENSG00000132530;1;0;1;0;1
ENSG00000132541;1;1;0;1;0
ENSG00000132591;1;1;1;1;0
ENSG00000132676;1;1;1;1;0
ENSG00000132781;1;1;0;0;1
ENSG00000132837;1;1;1;1;0
ENSG00000133028;1;1;0;1;0
ENSG00000133104;1;0;0;1;0
ENSG00000133121;1;0;0;0;1
ENSG00000133943;1;1;0;1;0
ENSG00000133983;1;1;1;1;0
ENSG00000134056;1;1;1;1;0
ENSG00000134240;1;1;1;1;0
ENSG00000134265;1;0;0;1;0
ENSG00000134308;1;0;0;0;1
ENSG00000134326;1;1;1;1;0
ENSG00000134375;1;1;1;1;0
ENSG00000134463;1;1;1;1;0
ENSG00000134809;1;1;1;1;0
ENSG00000134884;1;0;1;0;1
ENSG00000134905;1;1;1;1;0
ENSG00000135046;1;0;0;0;1
ENSG00000135070;1;1;0;1;0
ENSG00000135093;1;0;0;1;0
ENSG00000135116;1;0;0;0;1
ENSG00000135297;1;1;0;1;0
ENSG00000135390;1;1;0;1;0
ENSG00000135423;1;1;0;1;0
ENSG00000135441;1;1;0;1;0
ENSG00000135469;1;1;0;1;0
ENSG00000135537;1;1;0;1;0
ENSG00000135631;1;1;0;1;0
ENSG00000135776;1;1;0;1;0
ENSG00000135821;1;0;1;0;1
ENSG00000135828;1;0;0;1;0
ENSG00000135900;1;1;1;1;0
ENSG00000135929;1;1;1;1;0
ENSG00000135940;1;1;1;1;0
ENSG00000135972;1;1;1;1;0
ENSG00000136003;1;1;0;1;0
ENSG00000136010;1;1;1;1;0
ENSG00000136143;1;1;1;1;0
ENSG00000136270;1;1;1;1;0
ENSG00000136371;1;1;0;1;0
ENSG00000136444;1;1;0;1;0
ENSG00000136463;1;1;1;1;0
ENSG00000136521;1;1;1;1;0
ENSG00000136522;1;1;1;1;0
ENSG00000136758;1;1;1;1;0
ENSG00000136783;1;1;0;1;0
ENSG00000136854;1;0;0;0;1
ENSG00000136874;1;1;0;1;0
ENSG00000136877;1;1;0;1;0
ENSG00000136897;1;1;0;1;0
ENSG00000137038;1;0;0;0;1
ENSG00000137124;1;1;1;1;0
ENSG00000137133;1;1;1;1;0
ENSG00000137274;1;1;1;0;1
ENSG00000137288;1;1;1;1;0
ENSG00000137393;1;0;1;0;1
ENSG00000137409;1;1;0;1;0
ENSG00000137411;1;1;1;1;0
ENSG00000137463;1;1;1;1;0
ENSG00000137500;1;1;1;1;0
ENSG00000137513;1;1;1;1;0
ENSG00000137547;1;1;0;1;0
ENSG00000137714;1;1;1;1;0
ENSG00000137767;1;1;1;1;0
ENSG00000137806;1;1;0;1;0
ENSG00000137824;1;1;1;1;0
ENSG00000137992;1;1;1;1;0
ENSG00000138029;1;1;1;1;0
ENSG00000138035;1;1;1;1;0
ENSG00000138095;1;1;1;1;0
ENSG00000138346;1;1;1;1;0
ENSG00000138399;1;1;0;1;0
ENSG00000138413;1;1;0;0;1
ENSG00000138495;1;1;1;1;0
ENSG00000138777;1;1;1;1;0
ENSG00000138796;1;1;1;1;0
ENSG00000138942;1;0;0;1;0
ENSG00000139131;1;1;1;1;0
ENSG00000139160;1;0;0;1;0
ENSG00000139180;1;1;1;1;0
ENSG00000139190;1;0;0;1;0
ENSG00000139428;1;1;1;1;0
ENSG00000139437;1;1;0;1;0
ENSG00000139531;1;1;0;1;0
ENSG00000139637;1;1;0;1;0
ENSG00000139644;1;0;0;0;1
ENSG00000140009;1;0;0;1;0
ENSG00000140107;1;1;0;0;1
ENSG00000140374;1;1;1;1;0
ENSG00000140451;1;1;0;1;0
ENSG00000140459;1;1;0;1;0
ENSG00000140465;1;0;0;1;0
ENSG00000140521;1;1;0;1;0
ENSG00000140740;1;1;1;1;0
ENSG00000140905;1;1;0;1;0
ENSG00000140939;1;0;0;1;0
ENSG00000140983;1;1;0;1;0
ENSG00000140990;1;1;0;1;0
ENSG00000141338;1;0;0;0;1
ENSG00000141378;1;1;1;1;0
ENSG00000141385;1;1;1;1;0
ENSG00000141391;1;1;0;0;1
ENSG00000141437;1;0;1;1;0
ENSG00000141682;1;1;0;1;0
ENSG00000142082;1;1;0;1;0
ENSG00000142168;1;1;0;0;1
ENSG00000142208;1;0;0;1;0
ENSG00000142330;1;0;0;1;0
ENSG00000142444;1;1;1;0;1
ENSG00000143158;1;1;0;1;0
ENSG00000143199;1;0;0;1;0
ENSG00000143224;1;1;1;1;0
ENSG00000143252;1;1;0;1;0
ENSG00000143314;1;1;0;1;0
ENSG00000143374;1;1;0;1;0
ENSG00000143384;1;0;1;1;0
ENSG00000143436;1;1;1;1;0
ENSG00000143554;1;0;0;0;1
ENSG00000143575;1;0;1;1;0
ENSG00000143653;1;1;0;1;0
ENSG00000143799;1;0;0;1;0
ENSG00000143811;1;1;1;1;0
ENSG00000144029;1;1;1;1;0
ENSG00000144040;1;1;1;1;0
ENSG00000144120;1;1;0;1;0
ENSG00000144182;1;1;0;1;0
ENSG00000144381;1;1;1;1;0
ENSG00000144559;1;1;0;1;0
ENSG00000144659;1;1;0;1;0
ENSG00000144741;1;1;1;1;0
ENSG00000144827;1;1;1;1;0
ENSG00000145020;1;1;1;1;0
ENSG00000145335;1;0;0;1;0
ENSG00000145337;1;1;0;1;0
ENSG00000145354;1;1;0;1;0
ENSG00000145375;1;0;0;1;0
ENSG00000145439;1;1;0;1;0
ENSG00000145494;1;1;0;1;0
ENSG00000145832;1;1;0;1;0
ENSG00000145982;1;1;0;1;0
ENSG00000146066;1;1;1;1;0
ENSG00000146085;1;1;1;1;0
ENSG00000146282;1;1;0;1;0
ENSG00000146410;1;0;0;1;0
ENSG00000146701;1;1;1;1;0
ENSG00000146729;1;1;1;1;0
ENSG00000147123;1;1;1;1;0
ENSG00000147162;1;0;0;1;0
ENSG00000147454;1;1;0;1;0
ENSG00000147465;1;1;0;1;0
ENSG00000147576;1;1;0;1;0
ENSG00000147586;1;1;1;1;0
ENSG00000147592;1;1;0;0;1
ENSG00000147684;1;1;1;1;0
ENSG00000147853;1;1;1;1;0
ENSG00000148090;1;1;0;1;0
ENSG00000148187;1;1;0;1;0
ENSG00000148290;1;1;0;1;0
ENSG00000148334;1;1;1;1;0
ENSG00000148339;1;1;1;1;0
ENSG00000148343;1;0;0;0;1
ENSG00000148450;1;1;0;1;0
ENSG00000148459;1;1;0;1;0
ENSG00000148672;1;1;1;1;0
ENSG00000148824;1;1;1;1;0
ENSG00000148950;1;1;0;1;0
ENSG00000149124;1;1;0;1;0
ENSG00000149273;1;0;0;1;0
ENSG00000149485;1;0;0;1;0
ENSG00000149792;1;1;0;1;0
ENSG00000150768;1;1;1;1;0
ENSG00000150779;1;1;0;1;0
ENSG00000150787;1;1;0;0;1
ENSG00000151093;1;1;1;1;0
ENSG00000151366;1;1;1;1;0
ENSG00000151376;1;1;0;1;0
ENSG00000151413;1;1;1;1;0
ENSG00000151475;1;1;1;1;0
ENSG00000151498;1;1;0;1;0
ENSG00000151576;1;0;0;1;0
ENSG00000151611;1;0;0;1;0
ENSG00000151726;1;1;1;1;0
ENSG00000151729;1;1;1;1;0
ENSG00000151806;1;1;1;1;0
ENSG00000152234;1;1;1;1;0
ENSG00000152256;1;1;1;1;0
ENSG00000152620;1;1;0;1;0
ENSG00000152661;1;0;0;1;0
ENSG00000153291;1;1;1;1;0
ENSG00000153820;1;0;0;1;0
ENSG00000154079;1;1;1;1;0
ENSG00000154174;1;1;1;1;0
ENSG00000154229;1;0;0;0;1
ENSG00000154237;1;0;1;0;1
ENSG00000154518;1;1;0;1;0
ENSG00000154719;1;1;0;1;0
ENSG00000154723;1;1;1;1;0
ENSG00000154814;1;1;0;1;0
ENSG00000154930;1;1;0;1;0
ENSG00000155008;1;1;1;1;0
ENSG00000155189;1;1;0;1;0
ENSG00000155287;1;1;0;1;0
ENSG00000155463;1;1;1;1;0
ENSG00000155906;1;1;1;1;0
ENSG00000155970;1;0;0;1;0
ENSG00000156026;1;1;1;1;0
ENSG00000156170;1;1;0;1;0
ENSG00000156398;1;1;1;0;1
ENSG00000156411;1;1;1;1;0
ENSG00000156467;1;1;0;1;0
ENSG00000156469;1;1;1;1;0
ENSG00000156502;1;1;1;1;0
ENSG00000156510;1;0;1;0;1
ENSG00000156515;1;1;1;1;0
ENSG00000156709;1;1;0;1;0
ENSG00000156885;1;1;0;1;0
ENSG00000156928;1;1;1;1;0
ENSG00000156990;1;1;0;1;0
ENSG00000157036;1;1;0;1;0
ENSG00000157184;1;1;1;1;0
ENSG00000157326;1;1;0;0;1
ENSG00000158042;1;1;0;1;0
ENSG00000158578;1;1;0;1;0
ENSG00000158793;1;1;0;1;0
ENSG00000158828;1;1;0;1;0
ENSG00000158864;1;1;1;1;0
ENSG00000158882;1;1;0;1;0
ENSG00000159111;1;1;1;1;0
ENSG00000159199;1;1;0;1;0
ENSG00000159348;1;0;0;0;1
ENSG00000159399;1;1;0;1;0
ENSG00000159423;1;1;0;1;0
ENSG00000159445;1;1;0;1;0
ENSG00000159685;1;1;1;1;0
ENSG00000160072;1;1;1;1;0
ENSG00000160124;1;1;1;1;0
ENSG00000160194;1;1;1;1;0
ENSG00000160221;1;1;1;1;0
ENSG00000160439;1;1;1;0;1
ENSG00000160471;1;1;0;1;0
ENSG00000160688;1;1;0;1;0
ENSG00000160691;1;0;0;1;0
ENSG00000160703;1;1;1;1;0
ENSG00000160785;1;1;1;1;0
ENSG00000160882;1;0;0;1;0
ENSG00000161267;1;1;1;1;0
ENSG00000161281;1;1;0;1;0
ENSG00000161513;1;1;1;1;0
ENSG00000161558;1;1;0;0;1
ENSG00000161653;1;1;1;1;0
ENSG00000162129;1;1;0;1;0
ENSG00000162241;1;1;0;1;0
ENSG00000162377;1;1;1;1;0
ENSG00000162396;1;1;1;1;0
ENSG00000162398;1;0;0;0;1
ENSG00000162433;1;1;1;1;0
ENSG00000162461;1;1;1;1;0
ENSG00000162600;1;1;1;1;0
ENSG00000162670;1;0;0;1;0
ENSG00000162769;1;0;0;1;0
ENSG00000162836;1;1;0;1;0
ENSG00000162851;1;1;1;1;0
ENSG00000162910;1;1;0;1;0
ENSG00000162946;1;0;0;1;0
ENSG00000162972;1;1;1;1;0
ENSG00000163050;1;1;1;1;0
ENSG00000163071;1;0;0;1;0
ENSG00000163114;1;1;1;1;0
ENSG00000163170;1;1;0;1;0
ENSG00000163206;1;0;0;1;0
ENSG00000163319;1;1;0;1;0
ENSG00000163382;1;1;0;1;0
ENSG00000163528;1;1;1;1;0
ENSG00000163541;1;1;1;1;0
ENSG00000163607;1;0;1;0;1
ENSG00000163626;1;1;0;1;0
ENSG00000163644;1;1;1;1;0
ENSG00000163738;1;1;0;1;0
ENSG00000163864;1;1;1;1;0
ENSG00000164038;1;0;0;1;0
ENSG00000164163;1;0;0;0;1
ENSG00000164182;1;1;1;1;0
ENSG00000164209;1;1;1;1;0
ENSG00000164258;1;1;1;1;0
ENSG00000164284;1;1;1;1;0
ENSG00000164306;1;0;0;1;0
ENSG00000164347;1;1;0;1;0
ENSG00000164362;1;0;0;1;0
ENSG00000164398;1;1;0;0;1
ENSG00000164405;1;1;1;1;0
ENSG00000164466;1;1;1;1;0
ENSG00000164494;1;1;0;1;0
ENSG00000164830;1;1;0;1;0
ENSG00000164896;1;1;1;1;0
ENSG00000164898;1;1;1;1;0
ENSG00000164904;1;1;1;1;0
ENSG00000164919;1;1;1;1;0
ENSG00000164924;1;0;0;0;1
ENSG00000164933;1;1;1;1;0
ENSG00000164951;1;1;1;1;0
ENSG00000164978;1;1;0;0;1
ENSG00000164983;1;1;0;1;0
ENSG00000165028;1;1;0;0;1
ENSG00000165046;1;1;0;1;0
ENSG00000165060;1;1;1;1;0
ENSG00000165233;1;0;1;0;1
ENSG00000165264;1;1;1;1;0
ENSG00000165283;1;1;0;1;0
ENSG00000165487;1;1;1;1;0
ENSG00000165507;1;1;0;1;0
ENSG00000165526;1;1;1;1;0
ENSG00000165553;1;0;0;0;1
ENSG00000165629;1;1;0;1;0
ENSG00000165637;1;1;1;1;0
ENSG00000165672;1;1;0;1;0
ENSG00000165678;1;1;1;1;0
ENSG00000165688;1;1;1;1;0
ENSG00000165775;1;1;0;1;0
ENSG00000165792;1;1;0;0;1
ENSG00000165898;1;1;0;1;0
ENSG00000165949;1;1;0;1;0
ENSG00000166118;1;1;0;1;0
ENSG00000166123;1;1;1;1;0
ENSG00000166136;1;1;1;1;0
ENSG00000166170;1;0;0;1;0
ENSG00000166199;1;1;0;0;1
ENSG00000166260;1;1;0;1;0
ENSG00000166321;1;1;0;1;0
ENSG00000166347;1;1;0;0;1
ENSG00000166411;1;1;1;1;0
ENSG00000166548;1;1;0;1;0
ENSG00000166743;1;1;0;1;0
ENSG00000166816;1;1;0;1;0
ENSG00000166855;1;1;1;1;0
ENSG00000166902;1;1;0;1;0
ENSG00000167065;1;0;0;1;0
ENSG00000167085;1;1;1;1;0
ENSG00000167107;1;1;0;1;0
ENSG00000167112;1;1;0;1;0
ENSG00000167113;1;1;1;1;0
ENSG00000167136;1;1;0;1;0
ENSG00000167186;1;1;0;1;0
ENSG00000167283;1;1;1;1;0
ENSG00000167315;1;1;1;1;0
ENSG00000167468;1;1;1;1;0
ENSG00000167654;1;0;0;0;1
ENSG00000167699;1;1;0;1;0
ENSG00000167716;1;1;0;1;0
ENSG00000167755;1;0;0;1;0
ENSG00000167792;1;1;1;1;0
ENSG00000167862;1;1;1;1;0
ENSG00000167863;1;1;0;1;0
ENSG00000167969;1;1;0;1;0
ENSG00000167985;1;1;1;1;0
ENSG00000168209;1;0;0;1;0
ENSG00000168237;1;1;0;1;0
ENSG00000168275;1;1;1;1;0
ENSG00000168288;1;1;0;1;0
ENSG00000168291;1;1;1;1;0
ENSG00000168314;1;0;0;1;0
ENSG00000168393;1;1;1;0;1
ENSG00000168496;1;0;0;1;0
ENSG00000168569;1;0;1;0;1
ENSG00000168610;1;0;0;1;0
ENSG00000168653;1;1;0;1;0
ENSG00000168827;1;1;1;1;0
ENSG00000168924;1;1;1;1;0
ENSG00000168958;1;1;1;1;0
ENSG00000169020;1;1;1;1;0
ENSG00000169021;1;1;1;1;0
ENSG00000169100;1;1;1;1;0
ENSG00000169188;1;1;0;1;0
ENSG00000169230;1;1;1;1;0
ENSG00000169239;1;1;1;1;0
ENSG00000169288;1;1;1;1;0
ENSG00000169313;1;0;0;1;0
ENSG00000169504;1;1;0;1;0
ENSG00000169599;1;1;0;1;0
ENSG00000169682;1;0;0;1;0
ENSG00000169860;1;0;0;1;0
ENSG00000170312;1;0;0;1;0
ENSG00000170502;1;1;0;1;0
ENSG00000170516;1;0;0;1;0
ENSG00000170632;1;1;1;1;0
ENSG00000170791;1;1;0;0;1
ENSG00000170855;1;1;1;1;0
ENSG00000170906;1;1;0;1;0
ENSG00000170917;1;1;0;1;0
ENSG00000171103;1;1;0;1;0
ENSG00000171109;1;1;1;1;0
ENSG00000171132;1;0;0;1;0
ENSG00000171202;1;1;0;1;0
ENSG00000171204;1;1;1;1;0
ENSG00000171421;1;1;1;1;0
ENSG00000171503;1;1;0;1;0
ENSG00000171552;1;1;1;1;0
ENSG00000171612;1;1;0;1;0
ENSG00000171766;1;1;1;1;0
ENSG00000171791;1;1;0;1;0
ENSG00000171861;1;1;1;1;0
ENSG00000171953;1;1;0;1;0
ENSG00000172113;1;1;0;1;0
ENSG00000172115;1;1;1;1;0
ENSG00000172171;1;1;1;1;0
ENSG00000172172;1;1;0;1;0
ENSG00000172270;1;0;0;0;1
ENSG00000172340;1;1;1;1;0
ENSG00000172482;1;1;0;0;1
ENSG00000172586;1;1;1;1;0
ENSG00000172590;1;1;1;1;0
ENSG00000172840;1;1;1;1;0
ENSG00000172878;1;1;0;1;0
ENSG00000173085;1;1;0;1;0
ENSG00000173124;1;0;0;1;0
ENSG00000173141;1;1;1;1;0
ENSG00000173171;1;1;1;1;0
ENSG00000173436;1;1;1;1;0
ENSG00000173599;1;1;1;1;0
ENSG00000173660;1;1;0;1;0
ENSG00000173681;1;0;0;0;1
ENSG00000173726;1;1;1;1;0
ENSG00000173786;1;0;0;1;0
ENSG00000173915;1;1;1;1;0
ENSG00000174032;1;1;0;1;0
ENSG00000174099;1;1;0;1;0
ENSG00000174173;1;1;1;1;0
ENSG00000174547;1;1;1;1;0
ENSG00000174740;1;1;0;1;0
ENSG00000174840;1;1;0;1;0
ENSG00000174886;1;1;0;1;0
ENSG00000174917;1;1;1;1;0
ENSG00000174990;1;1;0;1;0
ENSG00000175110;1;1;1;1;0
ENSG00000175193;1;1;1;1;0
ENSG00000175198;1;1;0;1;0
ENSG00000175309;1;0;1;1;0
ENSG00000175536;1;1;0;1;0
ENSG00000175564;1;1;0;1;0
ENSG00000175567;1;1;1;1;0
ENSG00000175581;1;1;0;1;0
ENSG00000175600;1;1;0;1;0
ENSG00000175606;1;1;1;1;0
ENSG00000175727;1;0;0;1;0
ENSG00000175756;1;1;1;1;0
ENSG00000175768;1;1;1;1;0
ENSG00000175806;1;1;0;1;0
ENSG00000176171;1;1;0;1;0
ENSG00000176340;1;1;0;1;0
ENSG00000176715;1;1;0;1;0
ENSG00000176890;1;0;0;1;0
ENSG00000177034;1;0;1;1;0
ENSG00000177150;1;1;1;0;1
ENSG00000177192;1;1;1;1;0
ENSG00000177370;1;1;0;1;0
ENSG00000177427;1;0;0;1;0
ENSG00000177542;1;1;1;1;0
ENSG00000177646;1;1;1;1;0
ENSG00000178057;1;1;0;1;0
ENSG00000178096;1;1;0;0;1
ENSG00000178127;1;1;1;1;0
ENSG00000178307;1;1;1;1;0
ENSG00000178445;1;1;1;1;0
ENSG00000178449;1;1;1;1;0
ENSG00000178537;1;1;1;1;0
ENSG00000178694;1;1;0;1;0
ENSG00000178700;1;0;1;1;0
ENSG00000178741;1;1;0;1;0
ENSG00000178952;1;1;1;1;0
ENSG00000179091;1;1;1;1;0
ENSG00000179142;1;1;0;1;0
ENSG00000179152;1;1;0;1;0
ENSG00000179271;1;1;1;1;0
ENSG00000179295;1;0;0;1;0
ENSG00000179364;1;0;1;1;0
ENSG00000179598;1;0;0;1;0
ENSG00000179933;1;0;1;0;1
ENSG00000180185;1;1;1;1;0
ENSG00000180389;1;0;0;1;0
ENSG00000180488;1;0;1;0;1
ENSG00000180902;1;1;1;1;0
ENSG00000180992;1;1;1;1;0
ENSG00000181035;1;1;1;1;0
ENSG00000181061;1;1;1;1;0
ENSG00000181192;1;1;1;1;0
ENSG00000181240;1;1;0;1;0
ENSG00000181610;1;1;1;1;0
ENSG00000181867;1;1;0;1;0
ENSG00000181873;1;1;1;1;0
ENSG00000181915;1;0;0;0;1
ENSG00000181924;1;1;1;1;0
ENSG00000181991;1;1;1;1;0
ENSG00000182054;1;1;1;1;0
ENSG00000182134;1;1;0;1;0
ENSG00000182150;1;0;0;1;0
ENSG00000182154;1;1;1;1;0
ENSG00000182180;1;1;1;1;0
ENSG00000182199;1;1;1;1;0
ENSG00000182346;1;0;0;1;0
ENSG00000182512;1;1;1;1;0
ENSG00000182712;1;1;1;0;1
ENSG00000182810;1;1;1;1;0
ENSG00000182827;1;0;0;1;0
ENSG00000182890;1;0;1;1;0
ENSG00000182902;1;1;0;1;0
ENSG00000183010;1;1;0;1;0
ENSG00000183032;1;1;0;1;0
ENSG00000183044;1;1;1;1;0
ENSG00000183048;1;1;1;1;0
ENSG00000183172;1;1;1;1;0
ENSG00000183513;1;1;1;1;0
ENSG00000183549;1;1;0;1;0
ENSG00000183605;1;1;0;1;0
ENSG00000183617;1;1;1;1;0
ENSG00000183648;1;1;1;1;0
ENSG00000183747;1;1;0;1;0
ENSG00000183773;1;1;1;1;0
ENSG00000183833;1;0;0;1;0
ENSG00000183978;1;1;1;1;0
ENSG00000184047;1;1;1;1;0
ENSG00000184076;1;1;0;1;0
ENSG00000184117;1;1;0;1;0
ENSG00000184347;1;0;0;1;0
ENSG00000184428;1;1;1;1;0
ENSG00000184470;1;1;1;1;0
ENSG00000184524;1;0;1;0;1
ENSG00000184752;1;1;1;1;0
ENSG00000184831;1;1;1;1;0
ENSG00000184857;1;1;0;0;1
ENSG00000184867;1;0;1;0;1
ENSG00000184903;1;1;1;1;0
ENSG00000184983;1;1;0;1;0
ENSG00000184992;1;0;1;0;1
ENSG00000185414;1;1;0;1;0
ENSG00000185608;1;1;1;1;0
ENSG00000185633;1;0;1;1;0
ENSG00000185818;1;0;1;1;0
ENSG00000185973;1;1;1;1;0
ENSG00000186010;1;1;1;1;0
ENSG00000186205;1;1;1;1;0
ENSG00000186281;1;0;1;1;0
ENSG00000186298;1;0;0;0;1
ENSG00000186314;1;1;0;0;1
ENSG00000186642;1;0;0;1;0
ENSG00000186687;1;1;0;1;0
ENSG00000187118;1;1;0;1;0
ENSG00000187486;1;0;0;1;0
ENSG00000187581;1;1;0;1;0
ENSG00000187742;1;1;0;1;0
ENSG00000188130;1;0;0;1;0
ENSG00000188277;1;0;0;1;0
ENSG00000188554;1;1;0;1;0
ENSG00000188611;1;1;0;1;0
ENSG00000188738;1;0;1;0;1
ENSG00000188906;1;0;0;1;0
ENSG00000189037;1;0;0;1;0
ENSG00000189043;1;1;1;1;0
ENSG00000189221;1;1;1;1;0
ENSG00000189283;1;1;0;0;1
ENSG00000196072;1;0;0;1;0
ENSG00000196116;1;0;0;1;0
ENSG00000196177;1;1;1;1;0
ENSG00000196236;1;1;0;1;0
ENSG00000196290;1;1;0;1;0
ENSG00000196365;1;1;1;1;0
ENSG00000196407;1;0;0;1;0
ENSG00000196449;1;0;1;1;0
ENSG00000196475;1;0;0;1;0
ENSG00000196636;1;1;1;1;0
ENSG00000196683;1;1;0;1;0
ENSG00000196860;1;0;0;1;0
ENSG00000197043;1;0;0;0;1
ENSG00000197119;1;1;0;1;0
ENSG00000197122;1;0;0;1;0
ENSG00000197142;1;0;1;1;0
ENSG00000197150;1;1;1;1;0
ENSG00000197208;1;1;1;1;0
ENSG00000197345;1;1;1;1;0
ENSG00000197444;1;1;0;1;0
ENSG00000197448;1;1;0;1;0
ENSG00000197580;1;0;0;1;0
ENSG00000197785;1;1;1;1;0
ENSG00000197912;1;1;0;1;0
ENSG00000197959;1;0;0;0;1
ENSG00000198015;1;1;1;1;0
ENSG00000198060;1;1;1;1;0
ENSG00000198130;1;1;1;1;0
ENSG00000198650;1;0;0;0;1
ENSG00000198689;1;0;0;1;0
ENSG00000198695;1;1;0;1;0
ENSG00000198712;1;1;0;1;0
ENSG00000198721;1;1;0;1;0
ENSG00000198727;1;1;1;1;0
ENSG00000198742;1;0;0;1;0
ENSG00000198754;1;0;0;1;0
ENSG00000198763;1;1;0;1;0
ENSG00000198786;1;1;0;1;0
ENSG00000198804;1;1;1;1;0
ENSG00000198812;1;0;0;1;0
ENSG00000198814;1;1;0;1;0
ENSG00000198836;1;1;1;1;0
ENSG00000198840;1;1;0;1;0
ENSG00000198886;1;1;0;1;0
ENSG00000198888;1;1;0;1;0
ENSG00000198899;1;1;0;1;0
ENSG00000198938;1;1;0;1;0
ENSG00000203667;1;1;1;1;0
ENSG00000203859;1;0;0;0;1
ENSG00000204152;1;0;0;1;0
ENSG00000204183;1;0;0;1;0
ENSG00000204228;1;1;0;1;0
ENSG00000204316;1;1;1;1;0
ENSG00000204370;1;1;0;1;0
ENSG00000204389;1;0;0;1;0
ENSG00000204511;1;0;0;1;0
ENSG00000204568;1;1;1;1;0
ENSG00000204628;1;0;0;0;1
ENSG00000204822;1;1;0;1;0
ENSG00000204922;1;0;1;1;0
ENSG00000205138;1;1;1;1;0
ENSG00000205309;1;1;0;1;0
ENSG00000205560;1;1;0;1;0
ENSG00000205707;1;1;0;0;1
ENSG00000205981;1;1;0;1;0
ENSG00000212907;1;1;1;1;0
ENSG00000213221;1;0;1;1;0
ENSG00000213339;1;1;1;1;0
ENSG00000213463;1;1;1;1;0
ENSG00000213465;1;1;0;1;0
ENSG00000213585;1;0;0;1;0
ENSG00000213619;1;1;1;1;0
ENSG00000213699;1;0;0;1;0
ENSG00000213719;1;0;0;0;1
ENSG00000213995;1;1;0;1;0
ENSG00000214026;1;1;1;1;0
ENSG00000214113;1;1;0;1;0
ENSG00000214114;1;0;0;1;0
ENSG00000214253;1;1;1;1;0
ENSG00000214456;1;0;0;1;0
ENSG00000214736;1;0;1;1;0
ENSG00000214756;1;0;0;1;0
ENSG00000215009;1;0;0;1;0
ENSG00000215021;1;1;1;1;0
ENSG00000215251;1;1;0;1;0
ENSG00000215301;1;0;0;0;1
ENSG00000215475;1;0;0;1;0
ENSG00000217930;1;1;1;1;0
ENSG00000218739;1;0;0;1;0
ENSG00000221829;1;0;0;1;0
ENSG00000223572;1;1;0;1;0
ENSG00000224877;1;1;1;0;1
ENSG00000225921;1;0;0;0;1
ENSG00000227471;1;0;0;1;0
ENSG00000228253;1;1;0;1;0
ENSG00000229833;1;1;1;1;0
ENSG00000232838;1;0;0;1;0
ENSG00000233276;1;1;0;1;0
ENSG00000237289;1;1;0;1;0
ENSG00000239672;1;0;0;0;1
ENSG00000239789;1;1;0;1;0
ENSG00000240230;1;1;0;1;0
ENSG00000240303;1;1;0;1;0
ENSG00000241468;1;1;1;1;0
ENSG00000241837;1;1;1;1;0
ENSG00000241878;1;1;0;1;0
ENSG00000241935;1;1;0;1;0
ENSG00000242110;1;1;0;1;0
ENSG00000242114;1;1;1;1;0
ENSG00000242485;1;1;1;1;0
ENSG00000243147;1;1;0;1;0
ENSG00000243927;1;1;0;1;0
ENSG00000244005;1;1;0;1;0
ENSG00000247077;1;1;1;1;0
ENSG00000247626;1;1;0;1;0
ENSG00000248098;1;1;0;1;0
ENSG00000249222;1;0;1;1;0
ENSG00000250067;1;0;1;0;1
ENSG00000250317;1;0;0;0;1
ENSG00000250479;1;1;1;1;0
ENSG00000250799;1;1;0;1;0
ENSG00000254636;1;1;0;1;0
ENSG00000254858;1;1;0;1;0
ENSG00000255154;1;0;1;0;1
ENSG00000256053;1;1;0;1;0
ENSG00000256525;1;1;1;1;0
ENSG00000257218;1;0;0;1;0
ENSG00000258429;1;1;1;1;0
ENSG00000259494;1;1;1;1;0
ENSG00000259571;1;0;0;1;0
ENSG00000262814;1;1;1;1;0
ENSG00000265354;1;1;1;1;0
ENSG00000266472;1;1;1;1;0
ENSG00000267673;1;1;0;1;0
ENSG00000267855;1;0;1;1;0
ENSG00000269743;1;1;0;1;0
ENSG00000277972;1;1;0;1;0
ENSG00000278259;1;0;0;1;0
ENSG00000278619;1;1;1;1;0
ENSG00000278845;1;1;1;1;0
